{
  "trackId": "benchmark/sweeping-curve",
  "referenceLapTimeMs": 21683.333,
  "samples": {
    "60": {
      "speed": 16,
      "x": 0,
      "z": 8.133333
    },
    "120": {
      "speed": 32,
      "x": 0,
      "z": 32.266667
    },
    "240": {
      "speed": 61,
      "x": 0.056794,
      "z": 128.226667
    }
  }
}
